# [https://prunus-208.man.poznan.pl/wiki/Item:Q369537 Albertyn/Albertyn]
# [https://prunus-208.man.poznan.pl/wiki/Item:Q369538 Baranowicze/Baranowicze]
# [https://prunus-208.man.poznan.pl/wiki/Item:Q369539 Brzozówka/Brzozówka]
# [https://prunus-208.man.poznan.pl/wiki/Item:Q369540 Czeszczewlany/Czeszczewlany]
# [https://prunus-208.man.poznan.pl/wiki/Item:Q369541 Dziewiatówka/Dziewiatówka]
# [https://prunus-208.man.poznan.pl/wiki/Item:Q369542 Folusz/Folusz]
# [https://prunus-208.man.poznan.pl/wiki/Item:Q369543 Gierszony/Gierszony]
# [https://prunus-208.man.poznan.pl/wiki/Item:Q369544 Górne Miasto/Górne Miasto]
# [https://prunus-208.man.poznan.pl/wiki/Item:Q369545 Grandzicze/Grandzicze]
# [https://prunus-208.man.poznan.pl/wiki/Item:Q369546 Kiełbasin/Kiełbasin]
# [https://prunus-208.man.poznan.pl/wiki/Item:Q369547 Kołoża/Kołoża]
# [https://prunus-208.man.poznan.pl/wiki/Item:Q369548 Łajkowszczyzna/Łajkowszczyzna]
# [https://prunus-208.man.poznan.pl/wiki/Item:Q369549 Łapienki/Łapienki]
# [https://prunus-208.man.poznan.pl/wiki/Item:Q369550 Łosośna/Łosośna]
# [https://prunus-208.man.poznan.pl/wiki/Item:Q369551 Łosośna/Łosośna]
# [https://prunus-208.man.poznan.pl/wiki/Item:Q369552 Małachowicze/Małachowicze]
# [https://prunus-208.man.poznan.pl/wiki/Item:Q369553 Mały Trościeniec/Mały Trościeniec]
# [https://prunus-208.man.poznan.pl/wiki/Item:Q369554 Małyszczyzna/Małyszczyzna]
# [https://prunus-208.man.poznan.pl/wiki/Item:Q369555 Mereczowszczyzna/Mereczowszczyzna]
# [https://prunus-208.man.poznan.pl/wiki/Item:Q369556 Nowoprudce/Nowoprudce]
# [https://prunus-208.man.poznan.pl/wiki/Item:Q369557 Okińczyce/Okińczyce]
# [https://prunus-208.man.poznan.pl/wiki/Item:Q369558 Olszymowo/Olszymowo]
# [https://prunus-208.man.poznan.pl/wiki/Item:Q369559 Podworna/Podworna]
# [https://prunus-208.man.poznan.pl/wiki/Item:Q369560 Poniemuń/Poniemuń]
# [https://prunus-208.man.poznan.pl/wiki/Item:Q369561 Puhaczewo/Puhaczewo]
# [https://prunus-208.man.poznan.pl/wiki/Item:Q369562 Rzeczyca/Rzeczyca]
# [https://prunus-208.man.poznan.pl/wiki/Item:Q369563 Strugi/Strugi]
# [https://prunus-208.man.poznan.pl/wiki/Item:Q369564 Wiśniowiec/Wiśniowiec]
# [https://prunus-208.man.poznan.pl/wiki/Item:Q369565 Wołynka/Wołynka]
# [https://prunus-208.man.poznan.pl/wiki/Item:Q369566 Zamosty/Zamosty]
# [https://prunus-208.man.poznan.pl/wiki/Item:Q369567 Zaniemeńsk/Zaniemeńsk]
# [https://prunus-208.man.poznan.pl/wiki/Item:Q369568 Zarzecze/Zarzecze]
# [https://prunus-208.man.poznan.pl/wiki/Item:Q369569 Zarzyca/Zarzyca]
# [https://prunus-208.man.poznan.pl/wiki/Item:Q369570 Zelwiany/Zelwiany]
# [https://prunus-208.man.poznan.pl/wiki/Item:Q369571 Złote Piaski/Złote Piaski]
# [https://prunus-208.man.poznan.pl/wiki/Item:Q369572 Bartowice/Bartowice]
# [https://prunus-208.man.poznan.pl/wiki/Item:Q369573 Błędowice/Błędowice]
# [https://prunus-208.man.poznan.pl/wiki/Item:Q369574 Błędowice Dolne/Błędowice Dolne]
# [https://prunus-208.man.poznan.pl/wiki/Item:Q369575 Błędowice Średnie/Błędowice Średnie]
# [https://prunus-208.man.poznan.pl/wiki/Item:Q369576 Brzeziny/Brzeziny]
# [https://prunus-208.man.poznan.pl/wiki/Item:Q369577 Cierlicko Dolne/Cierlicko Dolne]
# [https://prunus-208.man.poznan.pl/wiki/Item:Q369578 Cierlicko Górne/Cierlicko Górne]
# [https://prunus-208.man.poznan.pl/wiki/Item:Q369579 Czeski Puńców/Czeski Puńców]
# [https://prunus-208.man.poznan.pl/wiki/Item:Q369580 Darków-Zdrój/Darków-Zdrój]
# [https://prunus-208.man.poznan.pl/wiki/Item:Q369581 Datynie Dolne/Datynie Dolne]
# [https://prunus-208.man.poznan.pl/wiki/Item:Q369582 Datynie Górne/Datynie Górne]
# [https://prunus-208.man.poznan.pl/wiki/Item:Q369583 Doły/Doły]
# [https://prunus-208.man.poznan.pl/wiki/Item:Q369584 Frydek/Frydek]
# [https://prunus-208.man.poznan.pl/wiki/Item:Q369585 Frysztat/Frysztat]
# [https://prunus-208.man.poznan.pl/wiki/Item:Q369586 Granice/Granice]
# [https://prunus-208.man.poznan.pl/wiki/Item:Q369587 Grodziszcz/Grodziszcz]
# [https://prunus-208.man.poznan.pl/wiki/Item:Q369588 Gruszów/Gruszów]
# [https://prunus-208.man.poznan.pl/wiki/Item:Q369589 Hermanice/Hermanice]
# [https://prunus-208.man.poznan.pl/wiki/Item:Q369590 Hradczany/Hradczany]
# [https://prunus-208.man.poznan.pl/wiki/Item:Q369591 Jaroszowice/Jaroszowice]
# [https://prunus-208.man.poznan.pl/wiki/Item:Q369592 Karpętna/Karpętna]
# [https://prunus-208.man.poznan.pl/wiki/Item:Q369593 Kojkowice/Kojkowice]
# [https://prunus-208.man.poznan.pl/wiki/Item:Q369594 Koniaków/Koniaków]
# [https://prunus-208.man.poznan.pl/wiki/Item:Q369595 Kończyce Małe/Kończyce Małe]
# [https://prunus-208.man.poznan.pl/wiki/Item:Q369596 Kończyce Wielkie/Kończyce Wielkie]
# [https://prunus-208.man.poznan.pl/wiki/Item:Q369597 Końska/Końska]
# [https://prunus-208.man.poznan.pl/wiki/Item:Q369598 Kopytów/Kopytów]
# [https://prunus-208.man.poznan.pl/wiki/Item:Q369599 Kościelec/Kościelec]
# [https://prunus-208.man.poznan.pl/wiki/Item:Q369600 Leskowiec/Leskowiec]
# [https://prunus-208.man.poznan.pl/wiki/Item:Q369601 Leszna Dolna/Leszna Dolna]
# [https://prunus-208.man.poznan.pl/wiki/Item:Q369602 Leszna Górna/Leszna Górna]
# [https://prunus-208.man.poznan.pl/wiki/Item:Q369603 Ligota Alodialna/Ligota Alodialna]
# [https://prunus-208.man.poznan.pl/wiki/Item:Q369604 Lutynia/Lutynia]
# [https://prunus-208.man.poznan.pl/wiki/Item:Q369605 Łazy/Łazy]
# [https://prunus-208.man.poznan.pl/wiki/Item:Q369606 Łąki/Łąki]
# [https://prunus-208.man.poznan.pl/wiki/Item:Q369607 Łyżbice/Łyżbice]
# [https://prunus-208.man.poznan.pl/wiki/Item:Q369608 Marklowice Dolne/Marklowice Dolne]
# [https://prunus-208.man.poznan.pl/wiki/Item:Q369609 Michałkowice/Michałkowice]
# [https://prunus-208.man.poznan.pl/wiki/Item:Q369610 Mistek/Mistek]
# [https://prunus-208.man.poznan.pl/wiki/Item:Q369611 Mistrzowice/Mistrzowice]
# [https://prunus-208.man.poznan.pl/wiki/Item:Q369612 Mizerów/Mizerów]
# [https://prunus-208.man.poznan.pl/wiki/Item:Q369613 Morawska Ostrawa/Morawska Ostrawa]
# [https://prunus-208.man.poznan.pl/wiki/Item:Q369614 Muglinów/Muglinów]
# [https://prunus-208.man.poznan.pl/wiki/Item:Q369615 Niebory/Niebory]
# [https://prunus-208.man.poznan.pl/wiki/Item:Q369616 Nowa Wieś/Nowa Wieś]
# [https://prunus-208.man.poznan.pl/wiki/Item:Q369617 Nowe Miasto/Nowe Miasto]
# [https://prunus-208.man.poznan.pl/wiki/Item:Q369618 Nowe Miasto/Nowe Miasto]
# [https://prunus-208.man.poznan.pl/wiki/Item:Q369619 Nowy Bogumin/Nowy Bogumin]
# [https://prunus-208.man.poznan.pl/wiki/Item:Q369620 Oldrzychowice/Oldrzychowice]
# [https://prunus-208.man.poznan.pl/wiki/Item:Q369621 Osówki/Osówki]
# [https://prunus-208.man.poznan.pl/wiki/Item:Q369622 Pierstna/Pierstna]
# [https://prunus-208.man.poznan.pl/wiki/Item:Q369623 Podlesie/Podlesie]
# [https://prunus-208.man.poznan.pl/wiki/Item:Q369624 Podlesie/Podlesie]
# [https://prunus-208.man.poznan.pl/wiki/Item:Q369625 Podlesie/Podlesie]
# [https://prunus-208.man.poznan.pl/wiki/Item:Q369626 Podlesie/Podlesie]
# [https://prunus-208.man.poznan.pl/wiki/Item:Q369627 Podlesie/Podlesie]
# [https://prunus-208.man.poznan.pl/wiki/Item:Q369628 Poręba/Poręba]
# [https://prunus-208.man.poznan.pl/wiki/Item:Q369629 Poręba/Poręba]
# [https://prunus-208.man.poznan.pl/wiki/Item:Q369630 Pudłów/Pudłów]
# [https://prunus-208.man.poznan.pl/wiki/Item:Q369631 Radwanice/Radwanice]
# [https://prunus-208.man.poznan.pl/wiki/Item:Q369632 Raj/Raj]
# [https://prunus-208.man.poznan.pl/wiki/Item:Q369633 Sibica/Sibica]
# [https://prunus-208.man.poznan.pl/wiki/Item:Q369634 Skalica/Skalica]
# [https://prunus-208.man.poznan.pl/wiki/Item:Q369635 Skrzeczoń/Skrzeczoń]
# [https://prunus-208.man.poznan.pl/wiki/Item:Q369636 Stanisłowice/Stanisłowice]
# [https://prunus-208.man.poznan.pl/wiki/Item:Q369637 Stare Miasto/Stare Miasto]
# [https://prunus-208.man.poznan.pl/wiki/Item:Q369638 Stare Miasto/Stare Miasto]
# [https://prunus-208.man.poznan.pl/wiki/Item:Q369639 Stare Miasto/Stare Miasto]
# [https://prunus-208.man.poznan.pl/wiki/Item:Q369640 Stary Bogumin/Stary Bogumin]
# [https://prunus-208.man.poznan.pl/wiki/Item:Q369641 Sucha Dolna/Sucha Dolna]
# [https://prunus-208.man.poznan.pl/wiki/Item:Q369642 Sucha Średnia/Sucha Średnia]
# [https://prunus-208.man.poznan.pl/wiki/Item:Q369643 Szonychel/Szonychel]
# [https://prunus-208.man.poznan.pl/wiki/Item:Q369644 Szumbark/Szumbark]
# [https://prunus-208.man.poznan.pl/wiki/Item:Q369645 Śląska Ostrawa/Śląska Ostrawa]
# [https://prunus-208.man.poznan.pl/wiki/Item:Q369646 Trzanowice Dolne/Trzanowice Dolne]
# [https://prunus-208.man.poznan.pl/wiki/Item:Q369647 Trzanowice Górne/Trzanowice Górne]
# [https://prunus-208.man.poznan.pl/wiki/Item:Q369648 Wierzbica/Wierzbica]
# [https://prunus-208.man.poznan.pl/wiki/Item:Q369649 Wierzniowice/Wierzniowice]
# [https://prunus-208.man.poznan.pl/wiki/Item:Q369650 Witkowice/Witkowice]
# [https://prunus-208.man.poznan.pl/wiki/Item:Q369651 Wyszehrad/Wyszehrad]
# [https://prunus-208.man.poznan.pl/wiki/Item:Q369652 Zabłocie/Zabłocie]
# [https://prunus-208.man.poznan.pl/wiki/Item:Q369653 Zawada/Zawada]
# [https://prunus-208.man.poznan.pl/wiki/Item:Q369654 Żuków Dolny/Żuków Dolny]
# [https://prunus-208.man.poznan.pl/wiki/Item:Q369655 Żuków Górny/Żuków Górny]
# [https://prunus-208.man.poznan.pl/wiki/Item:Q369656 Żywocice/Żywocice]
# [https://prunus-208.man.poznan.pl/wiki/Item:Q369657 Stare Miasto/Stare Miasto]
# [https://prunus-208.man.poznan.pl/wiki/Item:Q369658 Dzielnica Łacińska/Dzielnica Łacińska]
# [https://prunus-208.man.poznan.pl/wiki/Item:Q369659 Sorbona/Sorbona]
# [https://prunus-208.man.poznan.pl/wiki/Item:Q369660 Aleksota/Aleksota]
# [https://prunus-208.man.poznan.pl/wiki/Item:Q369661 Antokol/Antokol]
# [https://prunus-208.man.poznan.pl/wiki/Item:Q369662 Antowil/Antowil]
# [https://prunus-208.man.poznan.pl/wiki/Item:Q369663 Ausztagiery/Ausztagiery]
# [https://prunus-208.man.poznan.pl/wiki/Item:Q369664 Babińce/Babińce]
# [https://prunus-208.man.poznan.pl/wiki/Item:Q369665 Baniszki/Baniszki]
# [https://prunus-208.man.poznan.pl/wiki/Item:Q369666 Baraszki/Baraszki]
# [https://prunus-208.man.poznan.pl/wiki/Item:Q369667 Belmont/Belmont]
# [https://prunus-208.man.poznan.pl/wiki/Item:Q369668 Biry/Biry]
# [https://prunus-208.man.poznan.pl/wiki/Item:Q369669 Błotnia/Błotnia]
# [https://prunus-208.man.poznan.pl/wiki/Item:Q369670 Bojary/Bojary]
# [https://prunus-208.man.poznan.pl/wiki/Item:Q369671 Bołtupie/Bołtupie]
# [https://prunus-208.man.poznan.pl/wiki/Item:Q369672 Borowo/Borowo]
# [https://prunus-208.man.poznan.pl/wiki/Item:Q369673 Borówka/Borówka]
# [https://prunus-208.man.poznan.pl/wiki/Item:Q369674 Bosacka/Bosacka]
# [https://prunus-208.man.poznan.pl/wiki/Item:Q369675 Buchta/Buchta]
# [https://prunus-208.man.poznan.pl/wiki/Item:Q369676 Burbiszki/Burbiszki]
# [https://prunus-208.man.poznan.pl/wiki/Item:Q369677 Cegielnia/Cegielnia]
# [https://prunus-208.man.poznan.pl/wiki/Item:Q369678 Chazbijewicze/Chazbijewicze]
# [https://prunus-208.man.poznan.pl/wiki/Item:Q369679 Chlebniszki/Chlebniszki]
# [https://prunus-208.man.poznan.pl/wiki/Item:Q369680 Daniliszki/Daniliszki]
# [https://prunus-208.man.poznan.pl/wiki/Item:Q369681 Daszkuny/Daszkuny]
# [https://prunus-208.man.poznan.pl/wiki/Item:Q369682 Deginie/Deginie]
# [https://prunus-208.man.poznan.pl/wiki/Item:Q369683 Dębniaki/Dębniaki]
# [https://prunus-208.man.poznan.pl/wiki/Item:Q369684 Dębniaki/Dębniaki]
# [https://prunus-208.man.poznan.pl/wiki/Item:Q369685 Dobrowola/Dobrowola]
# [https://prunus-208.man.poznan.pl/wiki/Item:Q369686 Doły/Doły]
# [https://prunus-208.man.poznan.pl/wiki/Item:Q369687 Dworczany/Dworczany]
# [https://prunus-208.man.poznan.pl/wiki/Item:Q369688 Dworzyszcze/Dworzyszcze]
# [https://prunus-208.man.poznan.pl/wiki/Item:Q369689 Dworzyszcze/Dworzyszcze]
# [https://prunus-208.man.poznan.pl/wiki/Item:Q369690 Fabianiszki/Fabianiszki]
# [https://prunus-208.man.poznan.pl/wiki/Item:Q369691 Gałgi/Gałgi]
# [https://prunus-208.man.poznan.pl/wiki/Item:Q369692 Garuny/Garuny]
# [https://prunus-208.man.poznan.pl/wiki/Item:Q369693 Ginejciszki/Ginejciszki]
# [https://prunus-208.man.poznan.pl/wiki/Item:Q369694 Goby/Goby]
# [https://prunus-208.man.poznan.pl/wiki/Item:Q369695 Górale/Górale]
# [https://prunus-208.man.poznan.pl/wiki/Item:Q369696 Góry/Góry]
# [https://prunus-208.man.poznan.pl/wiki/Item:Q369697 Góry/Góry]
# [https://prunus-208.man.poznan.pl/wiki/Item:Q369698 Gudele/Gudele]
# [https://prunus-208.man.poznan.pl/wiki/Item:Q369699 Gulbiny Małe/Gulbiny Małe]
# [https://prunus-208.man.poznan.pl/wiki/Item:Q369700 Gulbiny Wielkie/Gulbiny Wielkie]
# [https://prunus-208.man.poznan.pl/wiki/Item:Q369701 Gwoździki/Gwoździki]
# [https://prunus-208.man.poznan.pl/wiki/Item:Q369702 Jaczany/Jaczany]
# [https://prunus-208.man.poznan.pl/wiki/Item:Q369703 Jankowszczyzna/Jankowszczyzna]
# [https://prunus-208.man.poznan.pl/wiki/Item:Q369704 Jerozolimka/Jerozolimka]
# [https://prunus-208.man.poznan.pl/wiki/Item:Q369705 Justyniszki/Justyniszki]
# [https://prunus-208.man.poznan.pl/wiki/Item:Q369706 Kalnica/Kalnica]
# [https://prunus-208.man.poznan.pl/wiki/Item:Q369707 Karaczuny Dolne/Karaczuny Dolne]
# [https://prunus-208.man.poznan.pl/wiki/Item:Q369708 Karaczuny Górne/Karaczuny Górne]
# [https://prunus-208.man.poznan.pl/wiki/Item:Q369709 Karolinka/Karolinka]
# [https://prunus-208.man.poznan.pl/wiki/Item:Q369710 Kielmieja/Kielmieja]
# [https://prunus-208.man.poznan.pl/wiki/Item:Q369711 Kojrany/Kojrany]
# [https://prunus-208.man.poznan.pl/wiki/Item:Q369712 Kolonia Kolejowa Dolna/Kolonia Kolejowa Dolna]
# [https://prunus-208.man.poznan.pl/wiki/Item:Q369713 Kolonia Kolejowa Górna/Kolonia Kolejowa Górna]
# [https://prunus-208.man.poznan.pl/wiki/Item:Q369714 Kotłówka/Kotłówka]
# [https://prunus-208.man.poznan.pl/wiki/Item:Q369715 Krakiszki/Krakiszki]
# [https://prunus-208.man.poznan.pl/wiki/Item:Q369716 Krawczuny/Krawczuny]
# [https://prunus-208.man.poznan.pl/wiki/Item:Q369717 Kremple/Kremple]
# [https://prunus-208.man.poznan.pl/wiki/Item:Q369718 Krzyżaki/Krzyżaki]
# [https://prunus-208.man.poznan.pl/wiki/Item:Q369719 Kuczkuryszki/Kuczkuryszki]
# [https://prunus-208.man.poznan.pl/wiki/Item:Q369720 Kułakowszczyzna/Kułakowszczyzna]
# [https://prunus-208.man.poznan.pl/wiki/Item:Q369721 Kuprianiszki/Kuprianiszki]
# [https://prunus-208.man.poznan.pl/wiki/Item:Q369722 Kuźmiszki/Kuźmiszki]
# [https://prunus-208.man.poznan.pl/wiki/Item:Q369723 Leoniszki/Leoniszki]
# [https://prunus-208.man.poznan.pl/wiki/Item:Q369724 Leszczyniaki/Leszczyniaki]
# [https://prunus-208.man.poznan.pl/wiki/Item:Q369725 Leśniki/Leśniki]
# [https://prunus-208.man.poznan.pl/wiki/Item:Q369726 Lipówka/Lipówka]
# [https://prunus-208.man.poznan.pl/wiki/Item:Q369727 Lipówka/Lipówka]
# [https://prunus-208.man.poznan.pl/wiki/Item:Q369728 Ludwinowo/Ludwinowo]
# [https://prunus-208.man.poznan.pl/wiki/Item:Q369729 Łoźniki/Łoźniki]
# [https://prunus-208.man.poznan.pl/wiki/Item:Q369730 Maciuliszki/Maciuliszki]
# [https://prunus-208.man.poznan.pl/wiki/Item:Q369731 Markucie/Markucie]
# [https://prunus-208.man.poznan.pl/wiki/Item:Q369732 Mejryszki/Mejryszki]
# [https://prunus-208.man.poznan.pl/wiki/Item:Q369733 Mickuny/Mickuny]
# [https://prunus-208.man.poznan.pl/wiki/Item:Q369734 Miłejszyszki/Miłejszyszki]
# [https://prunus-208.man.poznan.pl/wiki/Item:Q369735 Niemież/Niemież]
# [https://prunus-208.man.poznan.pl/wiki/Item:Q369736 Nowa Wilejka/Nowa Wilejka]
# [https://prunus-208.man.poznan.pl/wiki/Item:Q369737 Nowe Miasto/Nowe Miasto]
# [https://prunus-208.man.poznan.pl/wiki/Item:Q369738 Nowe Miasto/Nowe Miasto]
# [https://prunus-208.man.poznan.pl/wiki/Item:Q369739 Nowe Werki/Nowe Werki]
# [https://prunus-208.man.poznan.pl/wiki/Item:Q369740 Nowosiółki/Nowosiółki]
# [https://prunus-208.man.poznan.pl/wiki/Item:Q369741 Nowosiółki/Nowosiółki]
# [https://prunus-208.man.poznan.pl/wiki/Item:Q369742 Nowosiółki Dolne/Nowosiółki Dolne]
# [https://prunus-208.man.poznan.pl/wiki/Item:Q369743 Nowy Świat/Nowy Świat]
# [https://prunus-208.man.poznan.pl/wiki/Item:Q369744 Oszkińce/Oszkińce]
# [https://prunus-208.man.poznan.pl/wiki/Item:Q369745 Pietraszuny/Pietraszuny]
# [https://prunus-208.man.poznan.pl/wiki/Item:Q369746 Pilimiele/Pilimiele]
# [https://prunus-208.man.poznan.pl/wiki/Item:Q369747 Płocieniszki/Płocieniszki]
# [https://prunus-208.man.poznan.pl/wiki/Item:Q369748 Podkopcowo/Podkopcowo]
# [https://prunus-208.man.poznan.pl/wiki/Item:Q369749 Podkuprianiszki/Podkuprianiszki]
# [https://prunus-208.man.poznan.pl/wiki/Item:Q369750 Podwilańce/Podwilańce]
# [https://prunus-208.man.poznan.pl/wiki/Item:Q369751 Podwysokie/Podwysokie]
# [https://prunus-208.man.poznan.pl/wiki/Item:Q369752 Podziekaniszki/Podziekaniszki]
# [https://prunus-208.man.poznan.pl/wiki/Item:Q369753 Pogiry/Pogiry]
# [https://prunus-208.man.poznan.pl/wiki/Item:Q369754 Poguba/Poguba]
# [https://prunus-208.man.poznan.pl/wiki/Item:Q369755 Ponary/Ponary]
# [https://prunus-208.man.poznan.pl/wiki/Item:Q369756 Ponary Dolne/Ponary Dolne]
# [https://prunus-208.man.poznan.pl/wiki/Item:Q369757 Ponary Górne/Ponary Górne]
# [https://prunus-208.man.poznan.pl/wiki/Item:Q369758 Poniemuń/Poniemuń]
# [https://prunus-208.man.poznan.pl/wiki/Item:Q369759 Popławy/Popławy]
# [https://prunus-208.man.poznan.pl/wiki/Item:Q369760 Popowszczyzna/Popowszczyzna]
# [https://prunus-208.man.poznan.pl/wiki/Item:Q369761 Porubanek/Porubanek]
# [https://prunus-208.man.poznan.pl/wiki/Item:Q369762 Poszyłajcie/Poszyłajcie]
# [https://prunus-208.man.poznan.pl/wiki/Item:Q369763 Pożajście/Pożajście]
# [https://prunus-208.man.poznan.pl/wiki/Item:Q369764 Proszyszki/Proszyszki]
# [https://prunus-208.man.poznan.pl/wiki/Item:Q369765 Pupaje/Pupaje]
# [https://prunus-208.man.poznan.pl/wiki/Item:Q369766 Pupaje Małe/Pupaje Małe]
# [https://prunus-208.man.poznan.pl/wiki/Item:Q369767 Puszkarnia/Puszkarnia]
# [https://prunus-208.man.poznan.pl/wiki/Item:Q369768 Rekanciszki/Rekanciszki]
# [https://prunus-208.man.poznan.pl/wiki/Item:Q369769 Rekanciszki/Rekanciszki]
# [https://prunus-208.man.poznan.pl/wiki/Item:Q369770 Rojstele/Rojstele]
# [https://prunus-208.man.poznan.pl/wiki/Item:Q369771 Rossa/Rossa]
# [https://prunus-208.man.poznan.pl/wiki/Item:Q369772 Rotnica/Rotnica]
# [https://prunus-208.man.poznan.pl/wiki/Item:Q369773 Rowiańce/Rowiańce]
# [https://prunus-208.man.poznan.pl/wiki/Item:Q369774 Równe Pole/Równe Pole]
# [https://prunus-208.man.poznan.pl/wiki/Item:Q369775 Rybiszki/Rybiszki]
# [https://prunus-208.man.poznan.pl/wiki/Item:Q369776 Rzesza Werkowska/Rzesza Werkowska]
# [https://prunus-208.man.poznan.pl/wiki/Item:Q369777 Santoryszki/Santoryszki]
# [https://prunus-208.man.poznan.pl/wiki/Item:Q369778 Skiersinie/Skiersinie]
# [https://prunus-208.man.poznan.pl/wiki/Item:Q369779 Smolnica/Smolnica]
# [https://prunus-208.man.poznan.pl/wiki/Item:Q369780 Soleniki/Soleniki]
# [https://prunus-208.man.poznan.pl/wiki/Item:Q369781 Sołtaniszki/Sołtaniszki]
# [https://prunus-208.man.poznan.pl/wiki/Item:Q369782 Stare Miasto/Stare Miasto]
# [https://prunus-208.man.poznan.pl/wiki/Item:Q369783 Stare Miasto/Stare Miasto]
# [https://prunus-208.man.poznan.pl/wiki/Item:Q369784 Stawiszki/Stawiszki]
# [https://prunus-208.man.poznan.pl/wiki/Item:Q369785 Szańce/Szańce]
# [https://prunus-208.man.poznan.pl/wiki/Item:Q369786 Szeszkinia/Szeszkinia]
# [https://prunus-208.man.poznan.pl/wiki/Item:Q369787 Śmielinka/Śmielinka]
# [https://prunus-208.man.poznan.pl/wiki/Item:Q369788 Śnipiszki/Śnipiszki]
# [https://prunus-208.man.poznan.pl/wiki/Item:Q369789 Święta/Święta]
# [https://prunus-208.man.poznan.pl/wiki/Item:Q369790 Taranda/Taranda]
# [https://prunus-208.man.poznan.pl/wiki/Item:Q369791 Tupaciszki/Tupaciszki]
# [https://prunus-208.man.poznan.pl/wiki/Item:Q369792 Turniszki/Turniszki]
# [https://prunus-208.man.poznan.pl/wiki/Item:Q369793 Ustronie/Ustronie]
# [https://prunus-208.man.poznan.pl/wiki/Item:Q369794 Ustroń/Ustroń]
# [https://prunus-208.man.poznan.pl/wiki/Item:Q369795 Wagowo/Wagowo]
# [https://prunus-208.man.poznan.pl/wiki/Item:Q369796 Waka/Waka]
# [https://prunus-208.man.poznan.pl/wiki/Item:Q369797 Waka Metropolitalna/Waka Metropolitalna]
# [https://prunus-208.man.poznan.pl/wiki/Item:Q369798 Waka Murowana/Waka Murowana]
# [https://prunus-208.man.poznan.pl/wiki/Item:Q369799 Wanaginia/Wanaginia]
# [https://prunus-208.man.poznan.pl/wiki/Item:Q369800 Warna/Warna]
# [https://prunus-208.man.poznan.pl/wiki/Item:Q369801 Warżówka Dolna/Warżówka Dolna]
# [https://prunus-208.man.poznan.pl/wiki/Item:Q369802 Warżówka Górna/Warżówka Górna]
# [https://prunus-208.man.poznan.pl/wiki/Item:Q369803 Werki/Werki]
# [https://prunus-208.man.poznan.pl/wiki/Item:Q369804 Wierszuba/Wierszuba]
# [https://prunus-208.man.poznan.pl/wiki/Item:Q369805 Wierszuliszki/Wierszuliszki]
# [https://prunus-208.man.poznan.pl/wiki/Item:Q369806 Wilcza Łapa/Wilcza Łapa]
# [https://prunus-208.man.poznan.pl/wiki/Item:Q369807 Wiliampol/Wiliampol]
# [https://prunus-208.man.poznan.pl/wiki/Item:Q369808 Wilianów/Wilianów]
# [https://prunus-208.man.poznan.pl/wiki/Item:Q369809 Wilkieliszki/Wilkieliszki]
# [https://prunus-208.man.poznan.pl/wiki/Item:Q369810 Wodziagi/Wodziagi]
# [https://prunus-208.man.poznan.pl/wiki/Item:Q369811 Wojdaty/Wojdaty]
# [https://prunus-208.man.poznan.pl/wiki/Item:Q369812 Wołokumpie/Wołokumpie]
# [https://prunus-208.man.poznan.pl/wiki/Item:Q369813 Wysmałki/Wysmałki]
# [https://prunus-208.man.poznan.pl/wiki/Item:Q369814 Wysmały/Wysmały]
# [https://prunus-208.man.poznan.pl/wiki/Item:Q369815 Zameczek/Zameczek]
# [https://prunus-208.man.poznan.pl/wiki/Item:Q369816 Zarzecze/Zarzecze]
# [https://prunus-208.man.poznan.pl/wiki/Item:Q369817 Zaścianki/Zaścianki]
# [https://prunus-208.man.poznan.pl/wiki/Item:Q369818 Zatrocze/Zatrocze]
# [https://prunus-208.man.poznan.pl/wiki/Item:Q369819 Zgoda/Zgoda]
# [https://prunus-208.man.poznan.pl/wiki/Item:Q369820 Zielona Góra/Zielona Góra]
# [https://prunus-208.man.poznan.pl/wiki/Item:Q369821 Zwierzyniec/Zwierzyniec]
# [https://prunus-208.man.poznan.pl/wiki/Item:Q369822 Żyrmuny/Żyrmuny]
# [https://prunus-208.man.poznan.pl/wiki/Item:Q369823 Stara Ryga/Stara Ryga]
# [https://prunus-208.man.poznan.pl/wiki/Item:Q369824 Akademgorodok/Akademgorodok]
# [https://prunus-208.man.poznan.pl/wiki/Item:Q369825 Gniezdowo/Gniezdowo]
# [https://prunus-208.man.poznan.pl/wiki/Item:Q369826 Pułkowo/Pułkowo]
# [https://prunus-208.man.poznan.pl/wiki/Item:Q369827 Bardejów-Zdrój/Bardejów-Zdrój]
# [https://prunus-208.man.poznan.pl/wiki/Item:Q369828 Brestowa/Brestowa]
# [https://prunus-208.man.poznan.pl/wiki/Item:Q369829 Dobszyńska Jaskinia Lodowa/Dobszyńska Jaskinia Lodowa]
# [https://prunus-208.man.poznan.pl/wiki/Item:Q369830 Dolina Bachledzka/Dolina Bachledzka]
# [https://prunus-208.man.poznan.pl/wiki/Item:Q369831 Dolny Smokowiec/Dolny Smokowiec]
# [https://prunus-208.man.poznan.pl/wiki/Item:Q369832 Górny Smokowiec/Górny Smokowiec]
# [https://prunus-208.man.poznan.pl/wiki/Item:Q369833 Hagi/Hagi]
# [https://prunus-208.man.poznan.pl/wiki/Item:Q369834 Horzelica/Horzelica]
# [https://prunus-208.man.poznan.pl/wiki/Item:Q369835 Kieżmarskie Żłoby/Kieżmarskie Żłoby]
# [https://prunus-208.man.poznan.pl/wiki/Item:Q369836 Łysa nad Dunajcem/Łysa nad Dunajcem]
# [https://prunus-208.man.poznan.pl/wiki/Item:Q369837 Maciejowice/Maciejowice]
# [https://prunus-208.man.poznan.pl/wiki/Item:Q369838 Matlary/Matlary]
# [https://prunus-208.man.poznan.pl/wiki/Item:Q369839 Nadbańska/Nadbańska]
# [https://prunus-208.man.poznan.pl/wiki/Item:Q369840 Niżnie Hagi/Niżnie Hagi]
# [https://prunus-208.man.poznan.pl/wiki/Item:Q369841 Nowa Polanka/Nowa Polanka]
# [https://prunus-208.man.poznan.pl/wiki/Item:Q369842 Nowy Smokowiec/Nowy Smokowiec]
# [https://prunus-208.man.poznan.pl/wiki/Item:Q369843 Orawice/Orawice]
# [https://prunus-208.man.poznan.pl/wiki/Item:Q369844 Pilchów/Pilchów]
# [https://prunus-208.man.poznan.pl/wiki/Item:Q369845 Podbańska/Podbańska]
# [https://prunus-208.man.poznan.pl/wiki/Item:Q369846 Podspady/Podspady]
# [https://prunus-208.man.poznan.pl/wiki/Item:Q369847 Siodełko/Siodełko]
# [https://prunus-208.man.poznan.pl/wiki/Item:Q369848 Sobota Spiska/Sobota Spiska]
# [https://prunus-208.man.poznan.pl/wiki/Item:Q369849 Spiska Kapituła/Spiska Kapituła]
# [https://prunus-208.man.poznan.pl/wiki/Item:Q369850 Stary Smokowiec/Stary Smokowiec]
# [https://prunus-208.man.poznan.pl/wiki/Item:Q369851 Straże pod Tatrami/Straże pod Tatrami]
# [https://prunus-208.man.poznan.pl/wiki/Item:Q369852 Szczepanów Dolny/Szczepanów Dolny]
# [https://prunus-208.man.poznan.pl/wiki/Item:Q369853 Szczepanów Górny/Szczepanów Górny]
# [https://prunus-208.man.poznan.pl/wiki/Item:Q369854 Szczyrbskie Jezioro/Szczyrbskie Jezioro]
# [https://prunus-208.man.poznan.pl/wiki/Item:Q369855 Szwaby Niżne/Szwaby Niżne]
# [https://prunus-208.man.poznan.pl/wiki/Item:Q369856 Śmierdzonka/Śmierdzonka]
# [https://prunus-208.man.poznan.pl/wiki/Item:Q369857 Tatrzańska Kotlina/Tatrzańska Kotlina]
# [https://prunus-208.man.poznan.pl/wiki/Item:Q369858 Tatrzańska Leśna/Tatrzańska Leśna]
# [https://prunus-208.man.poznan.pl/wiki/Item:Q369859 Tatrzańska Łomnica/Tatrzańska Łomnica]
# [https://prunus-208.man.poznan.pl/wiki/Item:Q369860 Tatrzańska Polanka/Tatrzańska Polanka]
# [https://prunus-208.man.poznan.pl/wiki/Item:Q369861 Tatrzańska Szczyrba/Tatrzańska Szczyrba]
# [https://prunus-208.man.poznan.pl/wiki/Item:Q369862 Tatrzańskie Zręby/Tatrzańskie Zręby]
# [https://prunus-208.man.poznan.pl/wiki/Item:Q369863 Trzy Źródła/Trzy Źródła]
# [https://prunus-208.man.poznan.pl/wiki/Item:Q369864 Wielka/Wielka]
# [https://prunus-208.man.poznan.pl/wiki/Item:Q369865 Wyżnie Hagi/Wyżnie Hagi]
# [https://prunus-208.man.poznan.pl/wiki/Item:Q369866 Zwierówka/Zwierówka]
# [https://prunus-208.man.poznan.pl/wiki/Item:Q369867 Bałakława/Bałakława]
# [https://prunus-208.man.poznan.pl/wiki/Item:Q369868 Biłohorszcze/Biłohorszcze]
# [https://prunus-208.man.poznan.pl/wiki/Item:Q369869 Bodnarówka/Bodnarówka]
# [https://prunus-208.man.poznan.pl/wiki/Item:Q369870 Bykownia/Bykownia]
# [https://prunus-208.man.poznan.pl/wiki/Item:Q369871 Hołosko/Hołosko]
# [https://prunus-208.man.poznan.pl/wiki/Item:Q369872 Ingulec/Ingulec]
# [https://prunus-208.man.poznan.pl/wiki/Item:Q369873 Jałowiec/Jałowiec]
# [https://prunus-208.man.poznan.pl/wiki/Item:Q369874 Kleparów/Kleparów]
# [https://prunus-208.man.poznan.pl/wiki/Item:Q369875 Kozielniki/Kozielniki]
# [https://prunus-208.man.poznan.pl/wiki/Item:Q369876 Krzywczyce/Krzywczyce]
# [https://prunus-208.man.poznan.pl/wiki/Item:Q369877 Kulparków/Kulparków]
# [https://prunus-208.man.poznan.pl/wiki/Item:Q369878 Lesienice/Lesienice]
# [https://prunus-208.man.poznan.pl/wiki/Item:Q369879 Lewandówka/Lewandówka]
# [https://prunus-208.man.poznan.pl/wiki/Item:Q369880 Łyczaków/Łyczaków]
# [https://prunus-208.man.poznan.pl/wiki/Item:Q369881 Padół/Padół]
# [https://prunus-208.man.poznan.pl/wiki/Item:Q369882 Pasieczna/Pasieczna]
# [https://prunus-208.man.poznan.pl/wiki/Item:Q369883 Peczersk/Peczersk]
# [https://prunus-208.man.poznan.pl/wiki/Item:Q369884 Persenkówka/Persenkówka]
# [https://prunus-208.man.poznan.pl/wiki/Item:Q369885 Piatichatki/Piatichatki]
# [https://prunus-208.man.poznan.pl/wiki/Item:Q369886 Podzamcze/Podzamcze]
# [https://prunus-208.man.poznan.pl/wiki/Item:Q369887 Rzęsna/Rzęsna]
# [https://prunus-208.man.poznan.pl/wiki/Item:Q369888 Sichów/Sichów]
# [https://prunus-208.man.poznan.pl/wiki/Item:Q369889 Stary Kijów/Stary Kijów]
# [https://prunus-208.man.poznan.pl/wiki/Item:Q369890 Sygniówka/Sygniówka]
# [https://prunus-208.man.poznan.pl/wiki/Item:Q369891 Wulka/Wulka]
# [https://prunus-208.man.poznan.pl/wiki/Item:Q369892 Zamarstynów/Zamarstynów]
# [https://prunus-208.man.poznan.pl/wiki/Item:Q369893 Zboiska/Zboiska]
# [https://prunus-208.man.poznan.pl/wiki/Item:Q369894 Zniesienie/Zniesienie]
# [https://prunus-208.man.poznan.pl/wiki/Item:Q369895 Peszt/Peszt]
# [https://prunus-208.man.poznan.pl/wiki/Item:Q369896 Zatybrze/Zatybrze]
# [https://prunus-208.man.poznan.pl/wiki/Item:Q369897 Miasto Wewnętrzne/Miasto Wewnętrzne]
# [https://prunus-208.man.poznan.pl/wiki/Item:Q369898 Miasto Cesarskie/Miasto Cesarskie]
# [https://prunus-208.man.poznan.pl/wiki/Item:Q369899 Miasto Wewnętrzne/Miasto Wewnętrzne]
# [https://prunus-208.man.poznan.pl/wiki/Item:Q369900 Miasto Zewnętrzne/Miasto Zewnętrzne]
# [https://prunus-208.man.poznan.pl/wiki/Item:Q369901 Jafa/Jafa]
# [https://prunus-208.man.poznan.pl/wiki/Item:Q369902 Tel Awiw/Tel Awiw]
# [https://prunus-208.man.poznan.pl/wiki/Item:Q369903 Dzielnica Chrześcijańska/Dzielnica Chrześcijańska]
# [https://prunus-208.man.poznan.pl/wiki/Item:Q369904 Dzielnica Muzułmańska/Dzielnica Muzułmańska]
# [https://prunus-208.man.poznan.pl/wiki/Item:Q369905 Dzielnica Ormiańska/Dzielnica Ormiańska]
# [https://prunus-208.man.poznan.pl/wiki/Item:Q369906 Dzielnica Żydowska/Dzielnica Żydowska]
# [https://prunus-208.man.poznan.pl/wiki/Item:Q369907 Stare Miasto/Stare Miasto]
# [https://prunus-208.man.poznan.pl/wiki/Item:Q369908 Kotte/Kotte]
# [https://prunus-208.man.poznan.pl/wiki/Item:Q369909 Iczan Kala/Iczan Kala]
# [https://prunus-208.man.poznan.pl/wiki/Item:Q369910 Heliopolis/Heliopolis]
# [https://prunus-208.man.poznan.pl/wiki/Item:Q369911 Stary Kair/Stary Kair]
# [https://prunus-208.man.poznan.pl/wiki/Item:Q369912 Nowy Fez/Nowy Fez]
# [https://prunus-208.man.poznan.pl/wiki/Item:Q369913 Stary Fez/Stary Fez]
# [https://prunus-208.man.poznan.pl/wiki/Item:Q369914 Kamienne Miasto/Kamienne Miasto]
