# [https://prunus-208.man.poznan.pl/wiki/Item:Q363655 Antwerpia/Antwerpia]
# [https://prunus-208.man.poznan.pl/wiki/Item:Q363656 Brabancja Flamandzka/Brabancja Flamandzka]
# [https://prunus-208.man.poznan.pl/wiki/Item:Q363657 Brabancja Walońska/Brabancja Walońska]
# [https://prunus-208.man.poznan.pl/wiki/Item:Q363658 Flandria Wschodnia/Flandria Wschodnia]
# [https://prunus-208.man.poznan.pl/wiki/Item:Q363659 Flandria Zachodnia/Flandria Zachodnia]
# [https://prunus-208.man.poznan.pl/wiki/Item:Q363660 Limburgia/Limburgia]
# [https://prunus-208.man.poznan.pl/wiki/Item:Q363661 Luksemburg/Luksemburg]
# [https://prunus-208.man.poznan.pl/wiki/Item:Q363662 Baranowicze/Baranowicze]
# [https://prunus-208.man.poznan.pl/wiki/Item:Q363663 Brześć/Brześć]
# [https://prunus-208.man.poznan.pl/wiki/Item:Q363664 Pińsk/Pińsk]
# [https://prunus-208.man.poznan.pl/wiki/Item:Q363665 rejon baranowicki/rejon baranowicki]
# [https://prunus-208.man.poznan.pl/wiki/Item:Q363666 rejon bereski/rejon bereski]
# [https://prunus-208.man.poznan.pl/wiki/Item:Q363667 rejon brzeski/rejon brzeski]
# [https://prunus-208.man.poznan.pl/wiki/Item:Q363668 rejon drohiczyński/rejon drohiczyński]
# [https://prunus-208.man.poznan.pl/wiki/Item:Q363669 rejon hancewicki/rejon hancewicki]
# [https://prunus-208.man.poznan.pl/wiki/Item:Q363670 rejon iwacewicki/rejon iwacewicki]
# [https://prunus-208.man.poznan.pl/wiki/Item:Q363671 rejon janowski/rejon janowski]
# [https://prunus-208.man.poznan.pl/wiki/Item:Q363672 rejon kamieniecki/rejon kamieniecki]
# [https://prunus-208.man.poznan.pl/wiki/Item:Q363673 rejon kobryński/rejon kobryński]
# [https://prunus-208.man.poznan.pl/wiki/Item:Q363674 rejon lachowicki/rejon lachowicki]
# [https://prunus-208.man.poznan.pl/wiki/Item:Q363675 rejon łuniniecki/rejon łuniniecki]
# [https://prunus-208.man.poznan.pl/wiki/Item:Q363676 rejon małorycki/rejon małorycki]
# [https://prunus-208.man.poznan.pl/wiki/Item:Q363677 rejon piński/rejon piński]
# [https://prunus-208.man.poznan.pl/wiki/Item:Q363678 rejon prużański/rejon prużański]
# [https://prunus-208.man.poznan.pl/wiki/Item:Q363679 rejon stoliński/rejon stoliński]
# [https://prunus-208.man.poznan.pl/wiki/Item:Q363680 rejon żabinecki/rejon żabinecki]
# [https://prunus-208.man.poznan.pl/wiki/Item:Q363681 Grodno/Grodno]
# [https://prunus-208.man.poznan.pl/wiki/Item:Q363682 rejon brzostowicki/rejon brzostowicki]
# [https://prunus-208.man.poznan.pl/wiki/Item:Q363683 rejon grodzieński/rejon grodzieński]
# [https://prunus-208.man.poznan.pl/wiki/Item:Q363684 rejon iwiejski/rejon iwiejski]
# [https://prunus-208.man.poznan.pl/wiki/Item:Q363685 rejon korelicki/rejon korelicki]
# [https://prunus-208.man.poznan.pl/wiki/Item:Q363686 rejon lidzki/rejon lidzki]
# [https://prunus-208.man.poznan.pl/wiki/Item:Q363687 rejon mostowski/rejon mostowski]
# [https://prunus-208.man.poznan.pl/wiki/Item:Q363688 rejon nowogródzki/rejon nowogródzki]
# [https://prunus-208.man.poznan.pl/wiki/Item:Q363689 rejon ostrowiecki/rejon ostrowiecki]
# [https://prunus-208.man.poznan.pl/wiki/Item:Q363690 rejon oszmiański/rejon oszmiański]
# [https://prunus-208.man.poznan.pl/wiki/Item:Q363691 rejon słonimski/rejon słonimski]
# [https://prunus-208.man.poznan.pl/wiki/Item:Q363692 rejon smorgoński/rejon smorgoński]
# [https://prunus-208.man.poznan.pl/wiki/Item:Q363693 rejon szczuczyński/rejon szczuczyński]
# [https://prunus-208.man.poznan.pl/wiki/Item:Q363694 rejon świsłocki/rejon świsłocki]
# [https://prunus-208.man.poznan.pl/wiki/Item:Q363695 rejon werenowski/rejon werenowski]
# [https://prunus-208.man.poznan.pl/wiki/Item:Q363696 rejon wołkowyski/rejon wołkowyski]
# [https://prunus-208.man.poznan.pl/wiki/Item:Q363697 rejon zdzięcielski/rejon zdzięcielski]
# [https://prunus-208.man.poznan.pl/wiki/Item:Q363698 rejon zelwieński/rejon zelwieński]
# [https://prunus-208.man.poznan.pl/wiki/Item:Q363699 Homel/Homel]
# [https://prunus-208.man.poznan.pl/wiki/Item:Q363700 rejon brahiński/rejon brahiński]
# [https://prunus-208.man.poznan.pl/wiki/Item:Q363701 rejon budzki/rejon budzki]
# [https://prunus-208.man.poznan.pl/wiki/Item:Q363702 rejon chojnicki/rejon chojnicki]
# [https://prunus-208.man.poznan.pl/wiki/Item:Q363703 rejon czeczerski/rejon czeczerski]
# [https://prunus-208.man.poznan.pl/wiki/Item:Q363704 rejon dobruski/rejon dobruski]
# [https://prunus-208.man.poznan.pl/wiki/Item:Q363705 rejon homelski/rejon homelski]
# [https://prunus-208.man.poznan.pl/wiki/Item:Q363706 rejon jelski/rejon jelski]
# [https://prunus-208.man.poznan.pl/wiki/Item:Q363707 rejon kalinkowicki/rejon kalinkowicki]
# [https://prunus-208.man.poznan.pl/wiki/Item:Q363708 rejon kormański/rejon kormański]
# [https://prunus-208.man.poznan.pl/wiki/Item:Q363709 rejon lelczycki/rejon lelczycki]
# [https://prunus-208.man.poznan.pl/wiki/Item:Q363710 rejon łojowski/rejon łojowski]
# [https://prunus-208.man.poznan.pl/wiki/Item:Q363711 rejon mozyrski/rejon mozyrski]
# [https://prunus-208.man.poznan.pl/wiki/Item:Q363712 rejon narowelski/rejon narowelski]
# [https://prunus-208.man.poznan.pl/wiki/Item:Q363713 rejon oktiabrski/rejon oktiabrski]
# [https://prunus-208.man.poznan.pl/wiki/Item:Q363714 rejon petrykowski/rejon petrykowski]
# [https://prunus-208.man.poznan.pl/wiki/Item:Q363715 rejon rohaczowski/rejon rohaczowski]
# [https://prunus-208.man.poznan.pl/wiki/Item:Q363716 rejon rzeczycki/rejon rzeczycki]
# [https://prunus-208.man.poznan.pl/wiki/Item:Q363717 rejon swietłahorski/rejon swietłahorski]
# [https://prunus-208.man.poznan.pl/wiki/Item:Q363718 rejon wietecki/rejon wietecki]
# [https://prunus-208.man.poznan.pl/wiki/Item:Q363719 rejon żłobiński/rejon żłobiński]
# [https://prunus-208.man.poznan.pl/wiki/Item:Q363720 rejon żytkowicki/rejon żytkowicki]
# [https://prunus-208.man.poznan.pl/wiki/Item:Q363721 rejon berezyński/rejon berezyński]
# [https://prunus-208.man.poznan.pl/wiki/Item:Q363722 rejon borysowski/rejon borysowski]
# [https://prunus-208.man.poznan.pl/wiki/Item:Q363723 rejon czerwieński/rejon czerwieński]
# [https://prunus-208.man.poznan.pl/wiki/Item:Q363724 rejon dzierżyński/rejon dzierżyński]
# [https://prunus-208.man.poznan.pl/wiki/Item:Q363725 rejon klecki/rejon klecki]
# [https://prunus-208.man.poznan.pl/wiki/Item:Q363726 rejon kopylski/rejon kopylski]
# [https://prunus-208.man.poznan.pl/wiki/Item:Q363727 rejon krupkowski/rejon krupkowski]
# [https://prunus-208.man.poznan.pl/wiki/Item:Q363728 rejon lubański/rejon lubański]
# [https://prunus-208.man.poznan.pl/wiki/Item:Q363729 rejon łohojski/rejon łohojski]
# [https://prunus-208.man.poznan.pl/wiki/Item:Q363730 rejon miadzielski/rejon miadzielski]
# [https://prunus-208.man.poznan.pl/wiki/Item:Q363731 rejon miński/rejon miński]
# [https://prunus-208.man.poznan.pl/wiki/Item:Q363732 rejon mołodecki/rejon mołodecki]
# [https://prunus-208.man.poznan.pl/wiki/Item:Q363733 rejon nieświeski/rejon nieświeski]
# [https://prunus-208.man.poznan.pl/wiki/Item:Q363734 rejon puchowicki/rejon puchowicki]
# [https://prunus-208.man.poznan.pl/wiki/Item:Q363735 rejon słucki/rejon słucki]
# [https://prunus-208.man.poznan.pl/wiki/Item:Q363736 rejon smolewicki/rejon smolewicki]
# [https://prunus-208.man.poznan.pl/wiki/Item:Q363737 rejon starodoroski/rejon starodoroski]
# [https://prunus-208.man.poznan.pl/wiki/Item:Q363738 rejon stołpecki/rejon stołpecki]
# [https://prunus-208.man.poznan.pl/wiki/Item:Q363739 rejon uzdowski/rejon uzdowski]
# [https://prunus-208.man.poznan.pl/wiki/Item:Q363740 rejon wilejski/rejon wilejski]
# [https://prunus-208.man.poznan.pl/wiki/Item:Q363741 rejon wołożyński/rejon wołożyński]
# [https://prunus-208.man.poznan.pl/wiki/Item:Q363742 Żodzino/Żodzino]
# [https://prunus-208.man.poznan.pl/wiki/Item:Q363743 Bobrujsk/Bobrujsk]
# [https://prunus-208.man.poznan.pl/wiki/Item:Q363744 Mohylew/Mohylew]
# [https://prunus-208.man.poznan.pl/wiki/Item:Q363745 rejon białynicki/rejon białynicki]
# [https://prunus-208.man.poznan.pl/wiki/Item:Q363746 rejon bobrujski/rejon bobrujski]
# [https://prunus-208.man.poznan.pl/wiki/Item:Q363747 rejon bychowski/rejon bychowski]
# [https://prunus-208.man.poznan.pl/wiki/Item:Q363748 rejon chocimski/rejon chocimski]
# [https://prunus-208.man.poznan.pl/wiki/Item:Q363749 rejon czauski/rejon czauski]
# [https://prunus-208.man.poznan.pl/wiki/Item:Q363750 rejon czerykowski/rejon czerykowski]
# [https://prunus-208.man.poznan.pl/wiki/Item:Q363751 rejon drybiński/rejon drybiński]
# [https://prunus-208.man.poznan.pl/wiki/Item:Q363752 rejon hłuski/rejon hłuski]
# [https://prunus-208.man.poznan.pl/wiki/Item:Q363753 rejon horecki/rejon horecki]
# [https://prunus-208.man.poznan.pl/wiki/Item:Q363754 rejon kirowski/rejon kirowski]
# [https://prunus-208.man.poznan.pl/wiki/Item:Q363755 rejon kliczewski/rejon kliczewski]
# [https://prunus-208.man.poznan.pl/wiki/Item:Q363756 rejon klimowicki/rejon klimowicki]
# [https://prunus-208.man.poznan.pl/wiki/Item:Q363757 rejon kościukowicki/rejon kościukowicki]
# [https://prunus-208.man.poznan.pl/wiki/Item:Q363758 rejon krasnopolski/rejon krasnopolski]
# [https://prunus-208.man.poznan.pl/wiki/Item:Q363759 rejon kruhelski/rejon kruhelski]
# [https://prunus-208.man.poznan.pl/wiki/Item:Q363760 rejon krzyczewski/rejon krzyczewski]
# [https://prunus-208.man.poznan.pl/wiki/Item:Q363761 rejon mohylewski/rejon mohylewski]
# [https://prunus-208.man.poznan.pl/wiki/Item:Q363762 rejon mścisławski/rejon mścisławski]
# [https://prunus-208.man.poznan.pl/wiki/Item:Q363763 rejon osipowicki/rejon osipowicki]
# [https://prunus-208.man.poznan.pl/wiki/Item:Q363764 rejon sławogradzki/rejon sławogradzki]
# [https://prunus-208.man.poznan.pl/wiki/Item:Q363765 rejon szkłowski/rejon szkłowski]
# [https://prunus-208.man.poznan.pl/wiki/Item:Q363766 Nowopołock/Nowopołock]
# [https://prunus-208.man.poznan.pl/wiki/Item:Q363767 rejon bieszenkowicki/rejon bieszenkowicki]
# [https://prunus-208.man.poznan.pl/wiki/Item:Q363768 rejon brasławski/rejon brasławski]
# [https://prunus-208.man.poznan.pl/wiki/Item:Q363769 rejon czaśnicki/rejon czaśnicki]
# [https://prunus-208.man.poznan.pl/wiki/Item:Q363770 rejon dokszycki/rejon dokszycki]
# [https://prunus-208.man.poznan.pl/wiki/Item:Q363771 rejon dubrowieński/rejon dubrowieński]
# [https://prunus-208.man.poznan.pl/wiki/Item:Q363772 rejon głębocki/rejon głębocki]
# [https://prunus-208.man.poznan.pl/wiki/Item:Q363773 rejon horodecki/rejon horodecki]
# [https://prunus-208.man.poznan.pl/wiki/Item:Q363774 rejon lepelski/rejon lepelski]
# [https://prunus-208.man.poznan.pl/wiki/Item:Q363775 rejon łozieński/rejon łozieński]
# [https://prunus-208.man.poznan.pl/wiki/Item:Q363776 rejon miorski/rejon miorski]
# [https://prunus-208.man.poznan.pl/wiki/Item:Q363777 rejon orszański/rejon orszański]
# [https://prunus-208.man.poznan.pl/wiki/Item:Q363778 rejon połocki/rejon połocki]
# [https://prunus-208.man.poznan.pl/wiki/Item:Q363779 rejon postawski/rejon postawski]
# [https://prunus-208.man.poznan.pl/wiki/Item:Q363780 rejon rossoński/rejon rossoński]
# [https://prunus-208.man.poznan.pl/wiki/Item:Q363781 rejon sieneński/rejon sieneński]
# [https://prunus-208.man.poznan.pl/wiki/Item:Q363782 rejon szarkowszczyński/rejon szarkowszczyński]
# [https://prunus-208.man.poznan.pl/wiki/Item:Q363783 rejon szumiliński/rejon szumiliński]
# [https://prunus-208.man.poznan.pl/wiki/Item:Q363784 rejon tołoczyński/rejon tołoczyński]
# [https://prunus-208.man.poznan.pl/wiki/Item:Q363785 rejon uszacki/rejon uszacki]
# [https://prunus-208.man.poznan.pl/wiki/Item:Q363786 rejon wierchniedźwiński/rejon wierchniedźwiński]
# [https://prunus-208.man.poznan.pl/wiki/Item:Q363787 rejon witebski/rejon witebski]
# [https://prunus-208.man.poznan.pl/wiki/Item:Q363788 Witebsk/Witebsk]
# [https://prunus-208.man.poznan.pl/wiki/Item:Q363789 kanton bośniacko-podriński/kanton bośniacko-podriński]
# [https://prunus-208.man.poznan.pl/wiki/Item:Q363790 kanton dziesiąty/kanton dziesiąty]
# [https://prunus-208.man.poznan.pl/wiki/Item:Q363791 kanton hercegowińsko-neretwiański/kanton hercegowińsko-neretwiański]
# [https://prunus-208.man.poznan.pl/wiki/Item:Q363792 kanton posawski/kanton posawski]
# [https://prunus-208.man.poznan.pl/wiki/Item:Q363793 kanton sarajewski/kanton sarajewski]
# [https://prunus-208.man.poznan.pl/wiki/Item:Q363794 kanton środkowobośniacki/kanton środkowobośniacki]
# [https://prunus-208.man.poznan.pl/wiki/Item:Q363795 kanton tuzlański/kanton tuzlański]
# [https://prunus-208.man.poznan.pl/wiki/Item:Q363796 kanton uńsko-sański/kanton uńsko-sański]
# [https://prunus-208.man.poznan.pl/wiki/Item:Q363797 kanton zachodniohercegowiński/kanton zachodniohercegowiński]
# [https://prunus-208.man.poznan.pl/wiki/Item:Q363798 kanton zenicko-dobojski/kanton zenicko-dobojski]
# [https://prunus-208.man.poznan.pl/wiki/Item:Q363799 Alpy Górnej Prowansji/Alpy Górnej Prowansji]
# [https://prunus-208.man.poznan.pl/wiki/Item:Q363800 Alpy Nadmorskie/Alpy Nadmorskie]
# [https://prunus-208.man.poznan.pl/wiki/Item:Q363801 Alpy Wysokie/Alpy Wysokie]
# [https://prunus-208.man.poznan.pl/wiki/Item:Q363802 Ardeny/Ardeny]
# [https://prunus-208.man.poznan.pl/wiki/Item:Q363803 Delta Rodanu/Delta Rodanu]
# [https://prunus-208.man.poznan.pl/wiki/Item:Q363804 Dolina Marny/Dolina Marny]
# [https://prunus-208.man.poznan.pl/wiki/Item:Q363805 Dolina Oise/Dolina Oise]
# [https://prunus-208.man.poznan.pl/wiki/Item:Q363806 Dolny Ren/Dolny Ren]
# [https://prunus-208.man.poznan.pl/wiki/Item:Q363807 Górna Garonna/Górna Garonna]
# [https://prunus-208.man.poznan.pl/wiki/Item:Q363808 Górna Korsyka/Górna Korsyka]
# [https://prunus-208.man.poznan.pl/wiki/Item:Q363809 Górna Loara/Górna Loara]
# [https://prunus-208.man.poznan.pl/wiki/Item:Q363810 Górna Marna/Górna Marna]
# [https://prunus-208.man.poznan.pl/wiki/Item:Q363811 Górna Sabaudia/Górna Sabaudia]
# [https://prunus-208.man.poznan.pl/wiki/Item:Q363812 Górna Saona/Górna Saona]
# [https://prunus-208.man.poznan.pl/wiki/Item:Q363813 Górny Ren/Górny Ren]
# [https://prunus-208.man.poznan.pl/wiki/Item:Q363814 Indre i Loara/Indre i Loara]
# [https://prunus-208.man.poznan.pl/wiki/Item:Q363815 Korsyka Południowa/Korsyka Południowa]
# [https://prunus-208.man.poznan.pl/wiki/Item:Q363816 Landy/Landy]
# [https://prunus-208.man.poznan.pl/wiki/Item:Q363817 Loara/Loara]
# [https://prunus-208.man.poznan.pl/wiki/Item:Q363818 Loara Atlantycka/Loara Atlantycka]
# [https://prunus-208.man.poznan.pl/wiki/Item:Q363819 Lot i Garonna/Lot i Garonna]
# [https://prunus-208.man.poznan.pl/wiki/Item:Q363820 Maine i Loara/Maine i Loara]
# [https://prunus-208.man.poznan.pl/wiki/Item:Q363821 Marna/Marna]
# [https://prunus-208.man.poznan.pl/wiki/Item:Q363822 Meurthe i Mozela/Meurthe i Mozela]
# [https://prunus-208.man.poznan.pl/wiki/Item:Q363823 Moza/Moza]
# [https://prunus-208.man.poznan.pl/wiki/Item:Q363824 Mozela/Mozela]
# [https://prunus-208.man.poznan.pl/wiki/Item:Q363825 Paryż/Paryż]
# [https://prunus-208.man.poznan.pl/wiki/Item:Q363826 Pireneje Atlantyckie/Pireneje Atlantyckie]
# [https://prunus-208.man.poznan.pl/wiki/Item:Q363827 Pireneje Wschodnie/Pireneje Wschodnie]
# [https://prunus-208.man.poznan.pl/wiki/Item:Q363828 Pireneje Wysokie/Pireneje Wysokie]
# [https://prunus-208.man.poznan.pl/wiki/Item:Q363829 Rodan/Rodan]
# [https://prunus-208.man.poznan.pl/wiki/Item:Q363830 Sabaudia/Sabaudia]
# [https://prunus-208.man.poznan.pl/wiki/Item:Q363831 Saona i Loara/Saona i Loara]
# [https://prunus-208.man.poznan.pl/wiki/Item:Q363832 Sekwana i Marna/Sekwana i Marna]
# [https://prunus-208.man.poznan.pl/wiki/Item:Q363833 Sekwana Nadmorska/Sekwana Nadmorska]
# [https://prunus-208.man.poznan.pl/wiki/Item:Q363834 Sekwana-Saint-Denis/Sekwana-Saint-Denis]
# [https://prunus-208.man.poznan.pl/wiki/Item:Q363835 Somma/Somma]
# [https://prunus-208.man.poznan.pl/wiki/Item:Q363836 Tarn i Garonna/Tarn i Garonna]
# [https://prunus-208.man.poznan.pl/wiki/Item:Q363837 Wandea/Wandea]
# [https://prunus-208.man.poznan.pl/wiki/Item:Q363838 Wogezy/Wogezy]
# [https://prunus-208.man.poznan.pl/wiki/Item:Q363839 Żyronda/Żyronda]
# [https://prunus-208.man.poznan.pl/wiki/Item:Q363840 Attyka/Attyka]
# [https://prunus-208.man.poznan.pl/wiki/Item:Q363841 Epir/Epir]
# [https://prunus-208.man.poznan.pl/wiki/Item:Q363842 Grecja Środkowa/Grecja Środkowa]
# [https://prunus-208.man.poznan.pl/wiki/Item:Q363843 Grecja Zachodnia/Grecja Zachodnia]
# [https://prunus-208.man.poznan.pl/wiki/Item:Q363844 Kreta/Kreta]
# [https://prunus-208.man.poznan.pl/wiki/Item:Q363845 Macedonia Środkowa/Macedonia Środkowa]
# [https://prunus-208.man.poznan.pl/wiki/Item:Q363846 Macedonia Wschodnia i Tracja/Macedonia Wschodnia i Tracja]
# [https://prunus-208.man.poznan.pl/wiki/Item:Q363847 Macedonia Zachodnia/Macedonia Zachodnia]
# [https://prunus-208.man.poznan.pl/wiki/Item:Q363848 Peloponez/Peloponez]
# [https://prunus-208.man.poznan.pl/wiki/Item:Q363849 Tesalia/Tesalia]
# [https://prunus-208.man.poznan.pl/wiki/Item:Q363850 Wyspy Egejskie Południowe/Wyspy Egejskie Południowe]
# [https://prunus-208.man.poznan.pl/wiki/Item:Q363851 Wyspy Egejskie Północne/Wyspy Egejskie Północne]
# [https://prunus-208.man.poznan.pl/wiki/Item:Q363852 Wyspy Jońskie/Wyspy Jońskie]
# [https://prunus-208.man.poznan.pl/wiki/Item:Q363853 Asturia/Asturia]
# [https://prunus-208.man.poznan.pl/wiki/Item:Q363854 Baleary/Baleary]
# [https://prunus-208.man.poznan.pl/wiki/Item:Q363855 Grenada/Grenada]
# [https://prunus-208.man.poznan.pl/wiki/Item:Q363856 Kadyks/Kadyks]
# [https://prunus-208.man.poznan.pl/wiki/Item:Q363857 Kantabria/Kantabria]
# [https://prunus-208.man.poznan.pl/wiki/Item:Q363858 Kordoba/Kordoba]
# [https://prunus-208.man.poznan.pl/wiki/Item:Q363859 Madryt/Madryt]
# [https://prunus-208.man.poznan.pl/wiki/Item:Q363860 Malaga/Malaga]
# [https://prunus-208.man.poznan.pl/wiki/Item:Q363861 Murcja/Murcja]
# [https://prunus-208.man.poznan.pl/wiki/Item:Q363862 Nawarra/Nawarra]
# [https://prunus-208.man.poznan.pl/wiki/Item:Q363863 Salamanka/Salamanka]
# [https://prunus-208.man.poznan.pl/wiki/Item:Q363864 Saragossa/Saragossa]
# [https://prunus-208.man.poznan.pl/wiki/Item:Q363865 Segowia/Segowia]
# [https://prunus-208.man.poznan.pl/wiki/Item:Q363866 Sewilla/Sewilla]
# [https://prunus-208.man.poznan.pl/wiki/Item:Q363867 Walencja/Walencja]
# [https://prunus-208.man.poznan.pl/wiki/Item:Q363868 Kłajpeda/Kłajpeda]
# [https://prunus-208.man.poznan.pl/wiki/Item:Q363869 Połąga/Połąga]
# [https://prunus-208.man.poznan.pl/wiki/Item:Q363870 rejon kłajpedzki/rejon kłajpedzki]
# [https://prunus-208.man.poznan.pl/wiki/Item:Q363871 rejon kretyngański/rejon kretyngański]
# [https://prunus-208.man.poznan.pl/wiki/Item:Q363872 rejon neryński/rejon neryński]
# [https://prunus-208.man.poznan.pl/wiki/Item:Q363873 rejon szkudzki/rejon szkudzki]
# [https://prunus-208.man.poznan.pl/wiki/Item:Q363874 rejon szyłokarczemski/rejon szyłokarczemski]
# [https://prunus-208.man.poznan.pl/wiki/Item:Q363875 Kowno/Kowno]
# [https://prunus-208.man.poznan.pl/wiki/Item:Q363876 rejon birsztański/rejon birsztański]
# [https://prunus-208.man.poznan.pl/wiki/Item:Q363877 rejon janowski/rejon janowski]
# [https://prunus-208.man.poznan.pl/wiki/Item:Q363878 rejon kiejdański/rejon kiejdański]
# [https://prunus-208.man.poznan.pl/wiki/Item:Q363879 rejon koszedarski/rejon koszedarski]
# [https://prunus-208.man.poznan.pl/wiki/Item:Q363880 rejon kowieński/rejon kowieński]
# [https://prunus-208.man.poznan.pl/wiki/Item:Q363881 rejon preński/rejon preński]
# [https://prunus-208.man.poznan.pl/wiki/Item:Q363882 rejon rosieński/rejon rosieński]
# [https://prunus-208.man.poznan.pl/wiki/Item:Q363883 rejon kalwaryjski/rejon kalwaryjski]
# [https://prunus-208.man.poznan.pl/wiki/Item:Q363884 rejon kozłoworudzki/rejon kozłoworudzki]
# [https://prunus-208.man.poznan.pl/wiki/Item:Q363885 rejon mariampolski/rejon mariampolski]
# [https://prunus-208.man.poznan.pl/wiki/Item:Q363886 rejon szakowski/rejon szakowski]
# [https://prunus-208.man.poznan.pl/wiki/Item:Q363887 rejon wyłkowyski/rejon wyłkowyski]
# [https://prunus-208.man.poznan.pl/wiki/Item:Q363888 Olita/Olita]
# [https://prunus-208.man.poznan.pl/wiki/Item:Q363889 rejon druskienicki/rejon druskienicki]
# [https://prunus-208.man.poznan.pl/wiki/Item:Q363890 rejon łoździejski/rejon łoździejski]
# [https://prunus-208.man.poznan.pl/wiki/Item:Q363891 rejon olicki/rejon olicki]
# [https://prunus-208.man.poznan.pl/wiki/Item:Q363892 rejon orański/rejon orański]
# [https://prunus-208.man.poznan.pl/wiki/Item:Q363893 Poniewież/Poniewież]
# [https://prunus-208.man.poznan.pl/wiki/Item:Q363894 rejon birżański/rejon birżański]
# [https://prunus-208.man.poznan.pl/wiki/Item:Q363895 rejon kupiszecki/rejon kupiszecki]
# [https://prunus-208.man.poznan.pl/wiki/Item:Q363896 rejon poniewieski/rejon poniewieski]
# [https://prunus-208.man.poznan.pl/wiki/Item:Q363897 rejon poswolski/rejon poswolski]
# [https://prunus-208.man.poznan.pl/wiki/Item:Q363898 rejon rakiszecki/rejon rakiszecki]
# [https://prunus-208.man.poznan.pl/wiki/Item:Q363899 rejon janiski/rejon janiski]
# [https://prunus-208.man.poznan.pl/wiki/Item:Q363900 rejon kielmski/rejon kielmski]
# [https://prunus-208.man.poznan.pl/wiki/Item:Q363901 rejon okmiański/rejon okmiański]
# [https://prunus-208.man.poznan.pl/wiki/Item:Q363902 rejon pokrojski/rejon pokrojski]
# [https://prunus-208.man.poznan.pl/wiki/Item:Q363903 rejon radziwiliski/rejon radziwiliski]
# [https://prunus-208.man.poznan.pl/wiki/Item:Q363904 rejon szawelski/rejon szawelski]
# [https://prunus-208.man.poznan.pl/wiki/Item:Q363905 Szawle/Szawle]
# [https://prunus-208.man.poznan.pl/wiki/Item:Q363906 rejon jurborski/rejon jurborski]
# [https://prunus-208.man.poznan.pl/wiki/Item:Q363907 rejon pojeski/rejon pojeski]
# [https://prunus-208.man.poznan.pl/wiki/Item:Q363908 rejon szyłelski/rejon szyłelski]
# [https://prunus-208.man.poznan.pl/wiki/Item:Q363909 rejon tauroski/rejon tauroski]
# [https://prunus-208.man.poznan.pl/wiki/Item:Q363910 rejon możejski/rejon możejski]
# [https://prunus-208.man.poznan.pl/wiki/Item:Q363911 rejon płungiański/rejon płungiański]
# [https://prunus-208.man.poznan.pl/wiki/Item:Q363912 rejon retowski/rejon retowski]
# [https://prunus-208.man.poznan.pl/wiki/Item:Q363913 rejon telszański/rejon telszański]
# [https://prunus-208.man.poznan.pl/wiki/Item:Q363914 rejon ignaliński/rejon ignaliński]
# [https://prunus-208.man.poznan.pl/wiki/Item:Q363915 rejon jezioroski/rejon jezioroski]
# [https://prunus-208.man.poznan.pl/wiki/Item:Q363916 rejon malacki/rejon malacki]
# [https://prunus-208.man.poznan.pl/wiki/Item:Q363917 rejon oniksztyński/rejon oniksztyński]
# [https://prunus-208.man.poznan.pl/wiki/Item:Q363918 rejon uciański/rejon uciański]
# [https://prunus-208.man.poznan.pl/wiki/Item:Q363919 rejon wisagiński/rejon wisagiński]
# [https://prunus-208.man.poznan.pl/wiki/Item:Q363920 rejon elektreński/rejon elektreński]
# [https://prunus-208.man.poznan.pl/wiki/Item:Q363921 rejon solecznicki/rejon solecznicki]
# [https://prunus-208.man.poznan.pl/wiki/Item:Q363922 rejon szyrwincki/rejon szyrwincki]
# [https://prunus-208.man.poznan.pl/wiki/Item:Q363923 rejon święciański/rejon święciański]
# [https://prunus-208.man.poznan.pl/wiki/Item:Q363924 rejon trocki/rejon trocki]
# [https://prunus-208.man.poznan.pl/wiki/Item:Q363925 rejon wileński/rejon wileński]
# [https://prunus-208.man.poznan.pl/wiki/Item:Q363926 rejon wiłkomierski/rejon wiłkomierski]
# [https://prunus-208.man.poznan.pl/wiki/Item:Q363927 Wilno/Wilno]
# [https://prunus-208.man.poznan.pl/wiki/Item:Q363928 Dolna Bawaria/Dolna Bawaria]
# [https://prunus-208.man.poznan.pl/wiki/Item:Q363929 Dolna Frankonia/Dolna Frankonia]
# [https://prunus-208.man.poznan.pl/wiki/Item:Q363930 Fryburg/Fryburg]
# [https://prunus-208.man.poznan.pl/wiki/Item:Q363931 Górna Bawaria/Górna Bawaria]
# [https://prunus-208.man.poznan.pl/wiki/Item:Q363932 Górna Frankonia/Górna Frankonia]
# [https://prunus-208.man.poznan.pl/wiki/Item:Q363933 Górny Palatynat/Górny Palatynat]
# [https://prunus-208.man.poznan.pl/wiki/Item:Q363934 Kolonia/Kolonia]
# [https://prunus-208.man.poznan.pl/wiki/Item:Q363935 Szwabia/Szwabia]
# [https://prunus-208.man.poznan.pl/wiki/Item:Q363936 Środkowa Frankonia/Środkowa Frankonia]
# [https://prunus-208.man.poznan.pl/wiki/Item:Q363937 Tybinga/Tybinga]
# [https://prunus-208.man.poznan.pl/wiki/Item:Q363938 Agiński Okręg Buriacki/Agiński Okręg Buriacki]
# [https://prunus-208.man.poznan.pl/wiki/Item:Q363939 Koriacja/Koriacja]
# [https://prunus-208.man.poznan.pl/wiki/Item:Q363940 Okręg Komi-Permiacki/Okręg Komi-Permiacki]
# [https://prunus-208.man.poznan.pl/wiki/Item:Q363941 Ust-Ordyński Okręg Buriacki/Ust-Ordyński Okręg Buriacki]
# [https://prunus-208.man.poznan.pl/wiki/Item:Q363942 Ałuszta/Ałuszta]
# [https://prunus-208.man.poznan.pl/wiki/Item:Q363943 Armiańsk/Armiańsk]
# [https://prunus-208.man.poznan.pl/wiki/Item:Q363944 Dżankoj/Dżankoj]
# [https://prunus-208.man.poznan.pl/wiki/Item:Q363945 Eupatoria/Eupatoria]
# [https://prunus-208.man.poznan.pl/wiki/Item:Q363946 Jałta/Jałta]
# [https://prunus-208.man.poznan.pl/wiki/Item:Q363947 Kercz/Kercz]
# [https://prunus-208.man.poznan.pl/wiki/Item:Q363948 Krasnoperekopsk/Krasnoperekopsk]
# [https://prunus-208.man.poznan.pl/wiki/Item:Q363949 Saki/Saki]
# [https://prunus-208.man.poznan.pl/wiki/Item:Q363950 Symferopol/Symferopol]
# [https://prunus-208.man.poznan.pl/wiki/Item:Q363951 Teodozja/Teodozja]
# [https://prunus-208.man.poznan.pl/wiki/Item:Q363952 rejon bakczysarajski/rejon bakczysarajski]
# [https://prunus-208.man.poznan.pl/wiki/Item:Q363953 rejon dżankojski/rejon dżankojski]
# [https://prunus-208.man.poznan.pl/wiki/Item:Q363954 rejon krasnoperekopski/rejon krasnoperekopski]
# [https://prunus-208.man.poznan.pl/wiki/Item:Q363955 rejon rozdolnieński/rejon rozdolnieński]
# [https://prunus-208.man.poznan.pl/wiki/Item:Q363956 rejon sacki/rejon sacki]
# [https://prunus-208.man.poznan.pl/wiki/Item:Q363957 rejon symferopolski/rejon symferopolski]
# [https://prunus-208.man.poznan.pl/wiki/Item:Q363958 rejon bogoduchowski/rejon bogoduchowski]
# [https://prunus-208.man.poznan.pl/wiki/Item:Q363959 rejon charkowski/rejon charkowski]
# [https://prunus-208.man.poznan.pl/wiki/Item:Q363960 rejon czuhujewski/rejon czuhujewski]
# [https://prunus-208.man.poznan.pl/wiki/Item:Q363961 rejon iziumski/rejon iziumski]
# [https://prunus-208.man.poznan.pl/wiki/Item:Q363962 rejon krasnohradzki/rejon krasnohradzki]
# [https://prunus-208.man.poznan.pl/wiki/Item:Q363963 rejon kupiański/rejon kupiański]
# [https://prunus-208.man.poznan.pl/wiki/Item:Q363964 rejon łozowski/rejon łozowski]
# [https://prunus-208.man.poznan.pl/wiki/Item:Q363965 rejon berysławski/rejon berysławski]
# [https://prunus-208.man.poznan.pl/wiki/Item:Q363966 rejon chersoński/rejon chersoński]
# [https://prunus-208.man.poznan.pl/wiki/Item:Q363967 rejon geniczeski/rejon geniczeski]
# [https://prunus-208.man.poznan.pl/wiki/Item:Q363968 rejon kachowski/rejon kachowski]
# [https://prunus-208.man.poznan.pl/wiki/Item:Q363969 rejon skadowski/rejon skadowski]
# [https://prunus-208.man.poznan.pl/wiki/Item:Q363970 rejon chmielnicki/rejon chmielnicki]
# [https://prunus-208.man.poznan.pl/wiki/Item:Q363971 rejon kamieniecki/rejon kamieniecki]
# [https://prunus-208.man.poznan.pl/wiki/Item:Q363972 rejon szepetowski/rejon szepetowski]
# [https://prunus-208.man.poznan.pl/wiki/Item:Q363973 rejon czerkaski/rejon czerkaski]
# [https://prunus-208.man.poznan.pl/wiki/Item:Q363974 rejon humański/rejon humański]
# [https://prunus-208.man.poznan.pl/wiki/Item:Q363975 rejon złotonoski/rejon złotonoski]
# [https://prunus-208.man.poznan.pl/wiki/Item:Q363976 rejon zwinogródzki/rejon zwinogródzki]
# [https://prunus-208.man.poznan.pl/wiki/Item:Q363977 rejon czernihowski/rejon czernihowski]
# [https://prunus-208.man.poznan.pl/wiki/Item:Q363978 rejon koriukowski/rejon koriukowski]
# [https://prunus-208.man.poznan.pl/wiki/Item:Q363979 rejon nieżyński/rejon nieżyński]
# [https://prunus-208.man.poznan.pl/wiki/Item:Q363980 rejon nowogrodzki/rejon nowogrodzki]
# [https://prunus-208.man.poznan.pl/wiki/Item:Q363981 rejon pryłucki/rejon pryłucki]
# [https://prunus-208.man.poznan.pl/wiki/Item:Q363982 rejon czerniowiecki/rejon czerniowiecki]
# [https://prunus-208.man.poznan.pl/wiki/Item:Q363983 rejon dniestrzański/rejon dniestrzański]
# [https://prunus-208.man.poznan.pl/wiki/Item:Q363984 rejon wyżnicki/rejon wyżnicki]
# [https://prunus-208.man.poznan.pl/wiki/Item:Q363985 rejon dnieprzański/rejon dnieprzański]
# [https://prunus-208.man.poznan.pl/wiki/Item:Q363986 rejon kamieński/rejon kamieński]
# [https://prunus-208.man.poznan.pl/wiki/Item:Q363987 rejon krzyworoski/rejon krzyworoski]
# [https://prunus-208.man.poznan.pl/wiki/Item:Q363988 rejon nikopolski/rejon nikopolski]
# [https://prunus-208.man.poznan.pl/wiki/Item:Q363989 rejon nowomoskowski/rejon nowomoskowski]
# [https://prunus-208.man.poznan.pl/wiki/Item:Q363990 rejon pawłohradzki/rejon pawłohradzki]
# [https://prunus-208.man.poznan.pl/wiki/Item:Q363991 rejon synelnykowski/rejon synelnykowski]
# [https://prunus-208.man.poznan.pl/wiki/Item:Q363992 rejon bachmucki/rejon bachmucki]
# [https://prunus-208.man.poznan.pl/wiki/Item:Q363993 rejon doniecki/rejon doniecki]
# [https://prunus-208.man.poznan.pl/wiki/Item:Q363994 rejon gorłowski/rejon gorłowski]
# [https://prunus-208.man.poznan.pl/wiki/Item:Q363995 rejon kalmiuski/rejon kalmiuski]
# [https://prunus-208.man.poznan.pl/wiki/Item:Q363996 rejon kramatorski/rejon kramatorski]
# [https://prunus-208.man.poznan.pl/wiki/Item:Q363997 rejon mariupolski/rejon mariupolski]
# [https://prunus-208.man.poznan.pl/wiki/Item:Q363998 rejon pokrowski/rejon pokrowski]
# [https://prunus-208.man.poznan.pl/wiki/Item:Q363999 rejon wołnowaski/rejon wołnowaski]
# [https://prunus-208.man.poznan.pl/wiki/Item:Q364000 rejon iwanofrankiwski/rejon iwanofrankiwski]
# [https://prunus-208.man.poznan.pl/wiki/Item:Q364001 rejon kałuski/rejon kałuski]
# [https://prunus-208.man.poznan.pl/wiki/Item:Q364002 rejon kołomyjski/rejon kołomyjski]
# [https://prunus-208.man.poznan.pl/wiki/Item:Q364003 rejon kosowski/rejon kosowski]
# [https://prunus-208.man.poznan.pl/wiki/Item:Q364004 rejon nadwórniański/rejon nadwórniański]
# [https://prunus-208.man.poznan.pl/wiki/Item:Q364005 rejon wierchowiński/rejon wierchowiński]
# [https://prunus-208.man.poznan.pl/wiki/Item:Q364006 rejon białocerkiewski/rejon białocerkiewski]
# [https://prunus-208.man.poznan.pl/wiki/Item:Q364007 rejon boryspolski/rejon boryspolski]
# [https://prunus-208.man.poznan.pl/wiki/Item:Q364008 rejon browarski/rejon browarski]
# [https://prunus-208.man.poznan.pl/wiki/Item:Q364009 rejon buczański/rejon buczański]
# [https://prunus-208.man.poznan.pl/wiki/Item:Q364010 rejon fastowski/rejon fastowski]
# [https://prunus-208.man.poznan.pl/wiki/Item:Q364011 rejon obuchowski/rejon obuchowski]
# [https://prunus-208.man.poznan.pl/wiki/Item:Q364012 rejon wyszogrodzki/rejon wyszogrodzki]
# [https://prunus-208.man.poznan.pl/wiki/Item:Q364013 rejon aleksandryjski/rejon aleksandryjski]
# [https://prunus-208.man.poznan.pl/wiki/Item:Q364014 rejon hołowaniwski/rejon hołowaniwski]
# [https://prunus-208.man.poznan.pl/wiki/Item:Q364015 rejon kropywnycki/rejon kropywnycki]
# [https://prunus-208.man.poznan.pl/wiki/Item:Q364016 rejon nowoukraiński/rejon nowoukraiński]
# [https://prunus-208.man.poznan.pl/wiki/Item:Q364017 rejon czerwonogrodzki/rejon czerwonogrodzki]
# [https://prunus-208.man.poznan.pl/wiki/Item:Q364018 rejon drohobycki/rejon drohobycki]
# [https://prunus-208.man.poznan.pl/wiki/Item:Q364019 rejon jaworowski/rejon jaworowski]
# [https://prunus-208.man.poznan.pl/wiki/Item:Q364020 rejon lwowski/rejon lwowski]
# [https://prunus-208.man.poznan.pl/wiki/Item:Q364021 rejon samborski/rejon samborski]
# [https://prunus-208.man.poznan.pl/wiki/Item:Q364022 rejon stryjski/rejon stryjski]
# [https://prunus-208.man.poznan.pl/wiki/Item:Q364023 rejon złoczowski/rejon złoczowski]
# [https://prunus-208.man.poznan.pl/wiki/Item:Q364024 rejon ałczewski/rejon ałczewski]
# [https://prunus-208.man.poznan.pl/wiki/Item:Q364025 rejon dołżański/rejon dołżański]
# [https://prunus-208.man.poznan.pl/wiki/Item:Q364026 rejon ługański/rejon ługański]
# [https://prunus-208.man.poznan.pl/wiki/Item:Q364027 rejon roweńkowski/rejon roweńkowski]
# [https://prunus-208.man.poznan.pl/wiki/Item:Q364028 rejon siewierodoniecki/rejon siewierodoniecki]
# [https://prunus-208.man.poznan.pl/wiki/Item:Q364029 rejon starobielski/rejon starobielski]
# [https://prunus-208.man.poznan.pl/wiki/Item:Q364030 rejon swatowski/rejon swatowski]
# [https://prunus-208.man.poznan.pl/wiki/Item:Q364031 rejon szczastiański/rejon szczastiański]
# [https://prunus-208.man.poznan.pl/wiki/Item:Q364032 rejon basztański/rejon basztański]
# [https://prunus-208.man.poznan.pl/wiki/Item:Q364033 rejon mikołajowski/rejon mikołajowski]
# [https://prunus-208.man.poznan.pl/wiki/Item:Q364034 rejon perwomajski/rejon perwomajski]
# [https://prunus-208.man.poznan.pl/wiki/Item:Q364035 rejon wozniesieński/rejon wozniesieński]
# [https://prunus-208.man.poznan.pl/wiki/Item:Q364036 rejon berezowski/rejon berezowski]
# [https://prunus-208.man.poznan.pl/wiki/Item:Q364037 rejon białogrodzki/rejon białogrodzki]
# [https://prunus-208.man.poznan.pl/wiki/Item:Q364038 rejon bołgradzki/rejon bołgradzki]
# [https://prunus-208.man.poznan.pl/wiki/Item:Q364039 rejon izmailski/rejon izmailski]
# [https://prunus-208.man.poznan.pl/wiki/Item:Q364040 rejon odeski/rejon odeski]
# [https://prunus-208.man.poznan.pl/wiki/Item:Q364041 rejon podolski/rejon podolski]
# [https://prunus-208.man.poznan.pl/wiki/Item:Q364042 rejon rozdzielniański/rejon rozdzielniański]
# [https://prunus-208.man.poznan.pl/wiki/Item:Q364043 rejon krzemieńczucki/rejon krzemieńczucki]
# [https://prunus-208.man.poznan.pl/wiki/Item:Q364044 rejon łubieński/rejon łubieński]
# [https://prunus-208.man.poznan.pl/wiki/Item:Q364045 rejon mirhorodzki/rejon mirhorodzki]
# [https://prunus-208.man.poznan.pl/wiki/Item:Q364046 rejon połtawski/rejon połtawski]
# [https://prunus-208.man.poznan.pl/wiki/Item:Q364047 rejon dubieński/rejon dubieński]
# [https://prunus-208.man.poznan.pl/wiki/Item:Q364048 rejon rówieński/rejon rówieński]
# [https://prunus-208.man.poznan.pl/wiki/Item:Q364049 rejon sarneński/rejon sarneński]
# [https://prunus-208.man.poznan.pl/wiki/Item:Q364050 rejon waraski/rejon waraski]
# [https://prunus-208.man.poznan.pl/wiki/Item:Q364051 rejon konotopski/rejon konotopski]
# [https://prunus-208.man.poznan.pl/wiki/Item:Q364052 rejon ochtyrski/rejon ochtyrski]
# [https://prunus-208.man.poznan.pl/wiki/Item:Q364053 rejon romeński/rejon romeński]
# [https://prunus-208.man.poznan.pl/wiki/Item:Q364054 rejon sumski/rejon sumski]
# [https://prunus-208.man.poznan.pl/wiki/Item:Q364055 rejon szostecki/rejon szostecki]
# [https://prunus-208.man.poznan.pl/wiki/Item:Q364056 rejon czortkowski/rejon czortkowski]
# [https://prunus-208.man.poznan.pl/wiki/Item:Q364057 rejon krzemieniecki/rejon krzemieniecki]
# [https://prunus-208.man.poznan.pl/wiki/Item:Q364058 rejon tarnopolski/rejon tarnopolski]
# [https://prunus-208.man.poznan.pl/wiki/Item:Q364060 rejon hajsyński/rejon hajsyński]
# [https://prunus-208.man.poznan.pl/wiki/Item:Q364061 rejon mohylowski/rejon mohylowski]
# [https://prunus-208.man.poznan.pl/wiki/Item:Q364062 rejon tulczyński/rejon tulczyński]
# [https://prunus-208.man.poznan.pl/wiki/Item:Q364063 rejon winnicki/rejon winnicki]
# [https://prunus-208.man.poznan.pl/wiki/Item:Q364064 rejon żmeryński/rejon żmeryński]
# [https://prunus-208.man.poznan.pl/wiki/Item:Q364066 rejon kowelski/rejon kowelski]
# [https://prunus-208.man.poznan.pl/wiki/Item:Q364067 rejon łucki/rejon łucki]
# [https://prunus-208.man.poznan.pl/wiki/Item:Q364068 rejon włodzimierski/rejon włodzimierski]
# [https://prunus-208.man.poznan.pl/wiki/Item:Q364069 rejon berehowski/rejon berehowski]
# [https://prunus-208.man.poznan.pl/wiki/Item:Q364070 rejon chuściański/rejon chuściański]
# [https://prunus-208.man.poznan.pl/wiki/Item:Q364071 rejon mukaczewski/rejon mukaczewski]
# [https://prunus-208.man.poznan.pl/wiki/Item:Q364072 rejon rachowski/rejon rachowski]
# [https://prunus-208.man.poznan.pl/wiki/Item:Q364073 rejon tiaczowski/rejon tiaczowski]
# [https://prunus-208.man.poznan.pl/wiki/Item:Q364074 rejon użhorodzki/rejon użhorodzki]
# [https://prunus-208.man.poznan.pl/wiki/Item:Q364075 rejon berdiański/rejon berdiański]
# [https://prunus-208.man.poznan.pl/wiki/Item:Q364076 rejon melitopolski/rejon melitopolski]
# [https://prunus-208.man.poznan.pl/wiki/Item:Q364077 rejon połohowski/rejon połohowski]
# [https://prunus-208.man.poznan.pl/wiki/Item:Q364078 rejon wasylowski/rejon wasylowski]
# [https://prunus-208.man.poznan.pl/wiki/Item:Q364079 rejon zaporoski/rejon zaporoski]
# [https://prunus-208.man.poznan.pl/wiki/Item:Q364080 rejon berdyczowski/rejon berdyczowski]
# [https://prunus-208.man.poznan.pl/wiki/Item:Q364081 rejon korosteński/rejon korosteński]
# [https://prunus-208.man.poznan.pl/wiki/Item:Q364083 rejon żytomierski/rejon żytomierski]
# [https://prunus-208.man.poznan.pl/wiki/Item:Q364084 Anglesey/Anglesey]
# [https://prunus-208.man.poznan.pl/wiki/Item:Q364085 Belfast/Belfast]
# [https://prunus-208.man.poznan.pl/wiki/Item:Q364086 Cardiff/Cardiff]
# [https://prunus-208.man.poznan.pl/wiki/Item:Q364087 Edynburg/Edynburg]
# [https://prunus-208.man.poznan.pl/wiki/Item:Q364088 Glasgow/Glasgow]
# [https://prunus-208.man.poznan.pl/wiki/Item:Q364089 Hebrydy Zewnętrzne/Hebrydy Zewnętrzne]
# [https://prunus-208.man.poznan.pl/wiki/Item:Q364090 Kornwalia/Kornwalia]
# [https://prunus-208.man.poznan.pl/wiki/Item:Q364091 Kumbria/Kumbria]
# [https://prunus-208.man.poznan.pl/wiki/Item:Q364092 Orkady/Orkady]
# [https://prunus-208.man.poznan.pl/wiki/Item:Q364093 Szetlandy/Szetlandy]
# [https://prunus-208.man.poznan.pl/wiki/Item:Q364094 Wielki Londyn/Wielki Londyn]
# [https://prunus-208.man.poznan.pl/wiki/Item:Q364095 Ankona/Ankona]
# [https://prunus-208.man.poznan.pl/wiki/Item:Q364096 Benewent/Benewent]
# [https://prunus-208.man.poznan.pl/wiki/Item:Q364097 Bolonia/Bolonia]
# [https://prunus-208.man.poznan.pl/wiki/Item:Q364098 Florencja/Florencja]
# [https://prunus-208.man.poznan.pl/wiki/Item:Q364099 Genua/Genua]
# [https://prunus-208.man.poznan.pl/wiki/Item:Q364100 Katania/Katania]
# [https://prunus-208.man.poznan.pl/wiki/Item:Q364101 Lukka/Lukka]
# [https://prunus-208.man.poznan.pl/wiki/Item:Q364102 Mantua/Mantua]
# [https://prunus-208.man.poznan.pl/wiki/Item:Q364103 Mediolan/Mediolan]
# [https://prunus-208.man.poznan.pl/wiki/Item:Q364104 Mesyna/Mesyna]
# [https://prunus-208.man.poznan.pl/wiki/Item:Q364105 Miasto Stołeczne Rzym/Miasto Stołeczne Rzym]
# [https://prunus-208.man.poznan.pl/wiki/Item:Q364106 Neapol/Neapol]
# [https://prunus-208.man.poznan.pl/wiki/Item:Q364107 Padwa/Padwa]
# [https://prunus-208.man.poznan.pl/wiki/Item:Q364108 Pawia/Pawia]
# [https://prunus-208.man.poznan.pl/wiki/Item:Q364109 Piza/Piza]
# [https://prunus-208.man.poznan.pl/wiki/Item:Q364110 Rawenna/Rawenna]
# [https://prunus-208.man.poznan.pl/wiki/Item:Q364111 Syrakuzy/Syrakuzy]
# [https://prunus-208.man.poznan.pl/wiki/Item:Q364112 Tarent/Tarent]
# [https://prunus-208.man.poznan.pl/wiki/Item:Q364113 Trydent/Trydent]
# [https://prunus-208.man.poznan.pl/wiki/Item:Q364114 Turyn/Turyn]
# [https://prunus-208.man.poznan.pl/wiki/Item:Q364115 Wenecja/Wenecja]
# [https://prunus-208.man.poznan.pl/wiki/Item:Q364116 Werona/Werona]
# [https://prunus-208.man.poznan.pl/wiki/Item:Q364117 rejon biłohirski/rejon biłohirski]
# [https://prunus-208.man.poznan.pl/wiki/Item:Q364118 rejon czornomorski/rejon czornomorski]
# [https://prunus-208.man.poznan.pl/wiki/Item:Q364119 rejon kirowski/rejon kirowski]
# [https://prunus-208.man.poznan.pl/wiki/Item:Q364120 rejon krasnohwardijski/rejon krasnohwardijski]
# [https://prunus-208.man.poznan.pl/wiki/Item:Q364121 rejon nyżniohirski/rejon nyżniohirski]
# [https://prunus-208.man.poznan.pl/wiki/Item:Q364123 rejon sowiecki/rejon sowiecki]
# [https://prunus-208.man.poznan.pl/wiki/Item:Q364124 Antarktyka Chilijska/Antarktyka Chilijska]
# [https://prunus-208.man.poznan.pl/wiki/Item:Q364125 Wyspa Wielkanocna/Wyspa Wielkanocna]
# [https://prunus-208.man.poznan.pl/wiki/Item:Q364126 Ziemia Ognista/Ziemia Ognista]
Czas wykonania programu: 00:02:25 s.
